{"cameraMode":{"drawMode":0,"name":"Shaded","section":"Shading Mode"},"sceneLighting":false,"audioPlay":false,"sceneViewState":{"m_AlwaysRefresh":false,"showFog":true,"showSkybox":false,"showFlares":true,"showImageEffects":true,"showParticleSystems":true,"showVisualEffectGraphs":true,"m_FxEnabled":true},"in2DMode":false,"pivot":{"x":-13.163692474365235,"y":-3.487971067428589,"z":18.104755401611329},"rotation":{"x":-0.013345576822757721,"y":-0.9323470592498779,"z":0.03536384552717209,"w":-0.35955920815467837},"size":0.6955307126045227,"orthographic":false}