{"cameraMode":{"drawMode":0,"name":"Shaded","section":"Shading Mode"},"sceneLighting":false,"audioPlay":false,"sceneViewState":{"m_AlwaysRefresh":false,"showFog":true,"showSkybox":false,"showFlares":true,"showImageEffects":true,"showParticleSystems":true,"showVisualEffectGraphs":true,"m_FxEnabled":true},"in2DMode":false,"pivot":{"x":-1.2086384296417237,"y":-0.18106558918952943,"z":-0.03792772442102432},"rotation":{"x":0.06779535859823227,"y":-0.6849374771118164,"z":0.06391437351703644,"w":0.722637414932251},"size":0.7634890675544739,"orthographic":false}