{"cameraMode":{"drawMode":0,"name":"Shaded","section":"Shading Mode"},"sceneLighting":false,"audioPlay":false,"sceneViewState":{"m_AlwaysRefresh":false,"showFog":true,"showSkybox":false,"showFlares":true,"showImageEffects":true,"showParticleSystems":true,"showVisualEffectGraphs":true,"m_FxEnabled":true},"in2DMode":false,"pivot":{"x":-16.708751678466798,"y":0.7759650349617004,"z":14.234410285949707},"rotation":{"x":0.5945654511451721,"y":0.08315109461545944,"z":-0.062376704066991809,"w":0.7972736358642578},"size":0.4871232807636261,"orthographic":false}