{"cameraMode":{"drawMode":0,"name":"Shaded","section":"Shading Mode"},"sceneLighting":false,"audioPlay":false,"sceneViewState":{"m_AlwaysRefresh":false,"showFog":true,"showSkybox":false,"showFlares":true,"showImageEffects":true,"showParticleSystems":true,"showVisualEffectGraphs":true,"m_FxEnabled":true},"in2DMode":false,"pivot":{"x":-0.5018181800842285,"y":-0.025075048208236696,"z":0.35962778329849245},"rotation":{"x":0.09701858460903168,"y":-0.6232362985610962,"z":0.07799965888261795,"w":0.7720764875411987},"size":0.5862800478935242,"orthographic":false}