{"cameraMode":{"drawMode":0,"name":"Shaded","section":"Shading Mode"},"sceneLighting":false,"audioPlay":false,"sceneViewState":{"m_AlwaysRefresh":false,"showFog":true,"showSkybox":false,"showFlares":true,"showImageEffects":true,"showParticleSystems":true,"showVisualEffectGraphs":true,"m_FxEnabled":true},"in2DMode":false,"pivot":{"x":-11.559350967407227,"y":-3.61055588722229,"z":18.334835052490236},"rotation":{"x":0.000324881897540763,"y":-0.7225698828697205,"z":0.00010978015779983252,"w":0.6912451386451721},"size":0.01370103657245636,"orthographic":false}