{"cameraMode":{"drawMode":0,"name":"Shaded","section":"Shading Mode"},"sceneLighting":false,"audioPlay":false,"sceneViewState":{"m_AlwaysRefresh":false,"showFog":true,"showSkybox":false,"showFlares":true,"showImageEffects":true,"showParticleSystems":true,"showVisualEffectGraphs":true,"m_FxEnabled":true},"in2DMode":false,"pivot":{"x":-13.260479927062989,"y":-3.3807601928710939,"z":18.294221878051759},"rotation":{"x":-0.02398620918393135,"y":-0.9756895303726196,"z":0.14930865168571473,"w":-0.1585637331008911},"size":0.37802302837371828,"orthographic":false}