{"cameraMode":{"drawMode":0,"name":"Shaded","section":"Shading Mode"},"sceneLighting":false,"audioPlay":false,"sceneViewState":{"m_AlwaysRefresh":false,"showFog":true,"showSkybox":false,"showFlares":true,"showImageEffects":true,"showParticleSystems":true,"showVisualEffectGraphs":true,"m_FxEnabled":true},"in2DMode":false,"pivot":{"x":-13.172876358032227,"y":-3.4881656169891359,"z":18.096481323242189},"rotation":{"x":0.006572764366865158,"y":0.9859590530395508,"z":-0.041779592633247378,"w":0.16136257350444795},"size":0.2377348691225052,"orthographic":false}