{"cameraMode":{"drawMode":0,"name":"Shaded","section":"Shading Mode"},"sceneLighting":false,"audioPlay":false,"sceneViewState":{"m_AlwaysRefresh":false,"showFog":true,"showSkybox":false,"showFlares":true,"showImageEffects":true,"showParticleSystems":true,"showVisualEffectGraphs":true,"m_FxEnabled":true},"in2DMode":false,"pivot":{"x":-13.165058135986329,"y":-3.4881398677825929,"z":18.09953498840332},"rotation":{"x":0.006572764366865158,"y":0.9859590530395508,"z":-0.041779592633247378,"w":0.16136257350444795},"size":0.2622910737991333,"orthographic":false}