{"cameraMode":{"drawMode":0,"name":"Shaded","section":"Shading Mode"},"sceneLighting":false,"audioPlay":false,"sceneViewState":{"m_AlwaysRefresh":false,"showFog":true,"showSkybox":false,"showFlares":true,"showImageEffects":true,"showParticleSystems":true,"showVisualEffectGraphs":true,"m_FxEnabled":true},"in2DMode":false,"pivot":{"x":-0.00649416446685791,"y":0.03708316385746002,"z":1.8177237510681153},"rotation":{"x":0.24370300769805909,"y":-0.7553951144218445,"z":0.4515147805213928,"w":0.4074483811855316},"size":0.7773082256317139,"orthographic":false}